NOMBRE,APELLIDO PATERNO,APELLIDO MATERNO,AÑO,MES,DIA,VISITAS AL ANTRO,EDAD,PROMEDIO GASTADO
ODALIS FERNANDA,GARCIA,COLUNGA,2003,8,5,15,21,"$6,753"
PATRICIO,ROMO,AVILA,2002,8,1,8,22,"$1,732"
PAULINA,LOPEZ,FLORES,2004,8,2,9,20,"$3,294"
PAULINA,ESQUIVEL,MUÑOZ,1997,8,1,12,27,"$2,892"
PERLA,MARTINEZ,LOPEZ,1996,8,3,6,28,"$2,718"
PRISCILA,SANCHEZ,PADILLA,1994,8,6,10,30,"$4,846"
RICARDO,IÑIGUEZ,ATILANO,1998,8,3,1,26,$238
SAID,DIAZ,REYES,1999,8,3,12,25,"$2,697"
SOFIA,CRUZ,MARTINEZ,1999,7,18,11,25,"$3,013"
CARLOS,HERNANDEZ,GARCIA,2001,4,12,19,23,"$9,145"
JUAN,HERNANDEZ,LOPEZ,1989,1,9,11,35,"$5,184"
GABRIELA,CRUZ,GOMEZ,1986,2,3,11,38,"$4,817"
CARLOS,GOMEZ,HERNANDEZ,2001,8,15,3,23,"$1,098"
CARLOS,GOMEZ,RAMIREZ,1989,12,5,10,35,"$2,336"
ANA,HERNANDEZ,GOMEZ,1994,12,19,18,30,"$5,341"
PEDRO,MARTINEZ,RAMIREZ,1985,2,26,12,39,"$2,919"
GABRIELA,PEREZ,SANCHEZ,1997,5,6,18,27,"$3,740"
PEDRO,CRUZ,RODRIGUEZ,2004,3,25,6,20,"$1,800"
SOFIA,LOPEZ,HERNANDEZ,1991,2,21,7,33,"$2,032"
JUAN,PEREZ,GARCIA,2001,10,18,20,23,"$6,696"
PEDRO,SANCHEZ,SANCHEZ,1991,6,26,5,33,"$2,457"
SOFIA,HERNANDEZ,GOMEZ,1992,7,15,5,32,"$2,351"
LAURA,GOMEZ,SANCHEZ,2002,9,9,20,22,"$8,593"
LUIS,SANCHEZ,GOMEZ,1991,3,8,20,33,"$7,924"
MARIA,RAMIREZ,HERNANDEZ,2001,4,9,17,23,"$7,274"
LUIS,MARTINEZ,HERNANDEZ,1997,11,27,16,27,"$4,888"
GABRIELA,GOMEZ,MARTINEZ,2005,6,9,11,19,"$4,093"
PEDRO,SANCHEZ,SANCHEZ,2001,2,8,6,23,"$2,791"
CARLOS,MARTINEZ,HERNANDEZ,1991,3,5,16,33,"$4,887"
PEDRO,HERNANDEZ,SANCHEZ,1993,5,26,11,31,"$4,492"
GABRIELA,MARTINEZ,GOMEZ,1990,9,1,12,34,"$3,226"
ANA,SANCHEZ,LOPEZ,1992,2,20,10,32,"$3,772"
PEDRO,LOPEZ,HERNANDEZ,1997,3,9,20,27,"$8,335"
MARIA,SANCHEZ,RODRIGUEZ,1993,12,6,17,31,"$5,775"
CARLOS,MARTINEZ,CRUZ,1986,2,21,14,38,"$5,839"
FERNANDO,PEREZ,GARCIA,2002,5,7,13,22,"$6,352"
JUAN,CRUZ,RAMIREZ,2003,10,5,18,21,"$7,974"
CARLOS,HERNANDEZ,LOPEZ,1999,4,4,16,25,"$3,820"
ANA,RODRIGUEZ,SANCHEZ,2005,7,16,5,19,"$2,404"
SOFIA,GOMEZ,PEREZ,1997,12,1,5,27,"$1,878"
ANA,LOPEZ,SANCHEZ,2003,8,19,7,21,"$1,810"
JUAN,PEREZ,RAMIREZ,1986,2,16,13,38,"$5,537"
SOFIA,LOPEZ,MARTINEZ,1993,5,21,20,31,"$9,621"
JUAN,RODRIGUEZ,CRUZ,1992,3,12,11,32,"$3,295"
LUIS,SANCHEZ,HERNANDEZ,2003,4,8,14,21,"$3,804"
LAURA,RAMIREZ,GOMEZ,2004,11,2,16,20,"$7,012"
JUAN,GOMEZ,GOMEZ,1994,8,16,12,30,"$3,437"
JUAN,GOMEZ,PEREZ,1994,8,13,16,30,"$5,107"
LUIS,GARCIA,HERNANDEZ,1990,3,5,15,34,"$7,377"
CARLOS,HERNANDEZ,HERNANDEZ,1986,10,27,20,38,"$7,740"
SOFIA,LOPEZ,RODRIGUEZ,1990,11,4,10,34,"$4,352"
ANA,HERNANDEZ,GARCIA,1987,5,24,7,37,"$3,409"
MARIA,SANCHEZ,GOMEZ,1991,11,9,11,33,"$3,859"
PEDRO,PEREZ,GOMEZ,2004,9,26,12,20,"$2,822"
MARIA,RODRIGUEZ,RODRIGUEZ,1998,2,3,13,26,"$5,885"
LUIS,RAMIREZ,SANCHEZ,1996,12,9,7,28,"$3,227"
CARLOS,RAMIREZ,MARTINEZ,2005,8,4,5,19,"$2,185"
SOFIA,MARTINEZ,CRUZ,1989,11,21,4,35,"$1,176"
GABRIELA,LOPEZ,PEREZ,1995,8,10,15,29,"$4,987"
CARLOS,HERNANDEZ,LOPEZ,1998,12,16,13,26,"$3,545"
FERNANDO,GARCIA,CRUZ,2002,10,10,3,22,"$1,436"
LUIS,PEREZ,GARCIA,2002,2,27,13,22,"$4,629"
MARIA,PEREZ,HERNANDEZ,2002,8,15,13,22,"$3,872"
CARLOS,GARCIA,SANCHEZ,2001,8,25,9,23,"$4,366"
FERNANDO,HERNANDEZ,GOMEZ,2005,2,22,18,19,"$8,234"
JUAN,HERNANDEZ,RODRIGUEZ,2002,11,16,2,22,$583
LAURA,GOMEZ,GARCIA,2000,11,16,6,24,"$1,825"
PEDRO,CRUZ,GARCIA,1995,4,26,3,29,$993
FERNANDO,PEREZ,CRUZ,2002,7,13,6,22,"$1,974"
CARLOS,CRUZ,PEREZ,1994,6,7,18,30,"$8,937"
JUAN,LOPEZ,SANCHEZ,1999,7,18,15,25,"$7,437"
GABRIELA,LOPEZ,CRUZ,2002,10,27,4,22,$861
PEDRO,GOMEZ,LOPEZ,1987,11,13,15,37,"$4,166"
FERNANDO,HERNANDEZ,LOPEZ,1997,4,1,11,27,"$2,702"
CARLOS,GARCIA,RAMIREZ,1995,1,1,16,29,"$4,469"
MARIA,SANCHEZ,GOMEZ,2002,10,22,13,22,"$4,040"
PEDRO,GOMEZ,CRUZ,1990,3,5,19,34,"$5,755"
JUAN,HERNANDEZ,PEREZ,1996,2,21,5,28,"$2,458"
JUAN,GOMEZ,MARTINEZ,2005,11,3,12,19,"$2,493"
SOFIA,RODRIGUEZ,SANCHEZ,1995,7,28,16,29,"$6,755"
SOFIA,RODRIGUEZ,GARCIA,1985,9,25,12,39,"$5,667"
JUAN,RODRIGUEZ,LOPEZ,2005,4,20,19,19,"$8,691"
JUAN,MARTINEZ,SANCHEZ,1985,11,28,13,39,"$4,993"
PEDRO,LOPEZ,SANCHEZ,1997,12,5,18,27,"$5,879"
CARLOS,SANCHEZ,PEREZ,2001,2,22,7,23,"$1,490"
FERNANDO,SANCHEZ,SANCHEZ,2004,8,9,15,20,"$5,187"
SOFIA,MARTINEZ,HERNANDEZ,2004,1,28,3,20,$696
FERNANDO,SANCHEZ,GARCIA,2002,9,14,7,22,"$2,142"
MARIA,GARCIA,PEREZ,1985,4,3,3,39,"$1,046"
JUAN,MARTINEZ,CRUZ,1995,10,16,2,29,$431
LUIS,CRUZ,HERNANDEZ,1987,2,4,15,37,"$5,457"
LAURA,GARCIA,RODRIGUEZ,1995,12,6,15,29,"$6,838"
LAURA,PEREZ,GOMEZ,2000,11,28,7,24,"$3,234"
ANA,PEREZ,PEREZ,2002,12,15,8,22,"$2,546"
GABRIELA,GARCIA,GARCIA,2000,1,15,18,24,"$6,405"
MARIA,LOPEZ,SANCHEZ,1987,10,21,2,37,$871
JUAN,RAMIREZ,CRUZ,1993,4,19,10,31,"$2,775"
LAURA,CRUZ,RODRIGUEZ,1991,12,28,2,33,$942
PEDRO,CRUZ,SANCHEZ,1999,4,2,4,25,"$1,152"
FERNANDO,MARTINEZ,PEREZ,1999,6,17,13,25,"$2,694"
ANA,GARCIA,SANCHEZ,1997,11,18,11,27,"$4,350"
JUAN,MARTINEZ,PEREZ,1998,9,24,19,26,"$6,668"
GABRIELA,CRUZ,GARCIA,1991,10,5,9,33,"$3,829"
FERNANDO,CRUZ,GARCIA,2002,2,5,17,22,"$7,253"
SOFIA,LOPEZ,LOPEZ,2002,1,17,17,22,"$6,146"
LAURA,CRUZ,HERNANDEZ,1987,1,19,5,37,"$1,499"
CARLOS,LOPEZ,GARCIA,1999,2,28,20,25,"$9,241"
ANA,GOMEZ,RAMIREZ,1989,9,17,16,35,"$6,912"
SOFIA,RODRIGUEZ,GOMEZ,1998,3,5,15,26,"$5,962"
LAURA,GOMEZ,SANCHEZ,1986,3,8,20,38,"$7,211"
SOFIA,HERNANDEZ,SANCHEZ,1996,10,9,3,28,$790
SOFIA,GARCIA,LOPEZ,1989,5,13,2,35,$521
LAURA,GARCIA,LOPEZ,2001,3,4,11,23,"$3,947"
MARIA,GARCIA,RAMIREZ,1999,4,15,9,25,"$3,002"
PEDRO,RAMIREZ,RAMIREZ,1991,10,16,10,33,"$4,202"
CARLOS,GARCIA,GOMEZ,2000,7,21,14,24,"$2,934"
ANA,HERNANDEZ,CRUZ,1992,7,13,10,32,"$2,744"
LAURA,RODRIGUEZ,RODRIGUEZ,2004,10,9,15,20,"$5,399"
PEDRO,RODRIGUEZ,PEREZ,2000,3,1,1,24,$399
MARIA,LOPEZ,RODRIGUEZ,1995,5,5,7,29,"$1,747"
SOFIA,LOPEZ,CRUZ,1987,3,8,18,37,"$8,013"
SOFIA,HERNANDEZ,CRUZ,1990,2,13,1,34,$413
MARIA,CRUZ,SANCHEZ,1989,7,2,16,35,"$5,493"
ANA,GOMEZ,LOPEZ,2002,5,5,7,22,"$3,204"
JUAN,HERNANDEZ,GARCIA,2001,3,26,18,23,"$8,587"
JUAN,GOMEZ,HERNANDEZ,1998,6,13,9,26,"$2,004"
LUIS,MARTINEZ,RODRIGUEZ,1996,3,3,7,28,"$2,345"
SOFIA,RAMIREZ,SANCHEZ,1996,1,8,11,28,"$3,570"
FERNANDO,PEREZ,GARCIA,1989,7,1,8,35,"$2,946"
LAURA,GARCIA,LOPEZ,1996,6,12,3,28,"$1,100"
PEDRO,HERNANDEZ,SANCHEZ,1989,12,28,8,35,"$3,711"
FERNANDO,GOMEZ,GOMEZ,1989,6,22,7,35,"$2,648"
ANA,GARCIA,RODRIGUEZ,1986,8,23,1,38,$479
GABRIELA,LOPEZ,GOMEZ,1999,5,4,16,25,"$6,759"
GABRIELA,CRUZ,MARTINEZ,1995,9,15,12,29,"$4,261"
FERNANDO,MARTINEZ,SANCHEZ,1990,12,25,16,34,"$7,401"
LUIS,CRUZ,HERNANDEZ,1995,7,27,14,29,"$5,910"
MARIA,SANCHEZ,HERNANDEZ,1987,11,23,7,37,"$2,829"
MARIA,LOPEZ,MARTINEZ,1995,2,12,17,29,"$7,312"
PEDRO,GOMEZ,GARCIA,1993,12,19,16,31,"$7,054"
CARLOS,LOPEZ,PEREZ,2005,6,3,5,19,"$1,779"
GABRIELA,CRUZ,HERNANDEZ,1993,6,3,20,31,"$8,993"
FERNANDO,GOMEZ,GARCIA,1988,11,28,8,36,"$2,032"
SOFIA,GARCIA,SANCHEZ,2000,3,7,5,24,"$1,821"
JUAN,PEREZ,LOPEZ,1989,12,18,10,35,"$2,469"
MARIA,GOMEZ,SANCHEZ,1985,8,1,7,39,"$1,969"
GABRIELA,HERNANDEZ,RODRIGUEZ,1991,2,17,2,33,$772
PEDRO,GOMEZ,CRUZ,2001,7,10,10,23,"$4,346"
FERNANDO,HERNANDEZ,GOMEZ,2004,7,18,2,20,$421
CARLOS,HERNANDEZ,CRUZ,1996,3,5,19,28,"$7,677"
LUIS,HERNANDEZ,PEREZ,1995,9,27,18,29,"$7,452"
FERNANDO,MARTINEZ,MARTINEZ,2001,12,18,8,23,"$3,743"
FERNANDO,CRUZ,MARTINEZ,1993,1,16,6,31,"$2,470"
PEDRO,LOPEZ,GARCIA,2001,3,20,3,23,"$1,439"
SOFIA,CRUZ,GOMEZ,1992,10,20,5,32,"$1,622"
ANA,HERNANDEZ,LOPEZ,1994,4,1,13,30,"$5,531"
MARIA,RODRIGUEZ,MARTINEZ,1985,8,7,1,39,$258
MARIA,SANCHEZ,LOPEZ,1990,7,10,16,34,"$6,553"
FERNANDO,RODRIGUEZ,GOMEZ,1998,1,12,19,26,"$9,008"
ANA,RODRIGUEZ,GOMEZ,1985,1,6,17,39,"$6,485"
ANA,PEREZ,HERNANDEZ,1998,5,28,18,26,"$4,565"
LUIS,GARCIA,GARCIA,1990,6,5,13,34,"$6,383"
SOFIA,CRUZ,HERNANDEZ,1988,9,17,5,36,"$1,320"
PEDRO,HERNANDEZ,SANCHEZ,2005,6,9,12,19,"$5,517"
GABRIELA,RAMIREZ,GARCIA,2002,8,7,17,22,"$6,225"
ANA,GOMEZ,SANCHEZ,1988,4,15,5,36,"$1,816"
PEDRO,PEREZ,SANCHEZ,1987,9,14,11,37,"$3,535"
LUIS,CRUZ,HERNANDEZ,1986,6,3,6,38,"$1,862"
JUAN,RAMIREZ,HERNANDEZ,1989,8,11,20,35,"$6,300"
ANA,LOPEZ,GOMEZ,1992,6,27,7,32,"$3,026"
CARLOS,GOMEZ,GOMEZ,2001,7,1,19,23,"$6,251"
FERNANDO,MARTINEZ,GARCIA,1990,8,25,8,34,"$2,536"
ANA,HERNANDEZ,SANCHEZ,2002,9,14,13,22,"$4,002"
MARIA,CRUZ,GARCIA,1985,8,19,4,39,"$1,377"
PEDRO,HERNANDEZ,GARCIA,2003,1,15,19,21,"$7,699"
FERNANDO,MARTINEZ,SANCHEZ,1986,12,8,6,38,"$2,408"
LAURA,PEREZ,SANCHEZ,1988,1,12,5,36,"$1,792"
SOFIA,GARCIA,PEREZ,1996,5,27,9,28,"$4,102"
MARIA,RAMIREZ,RAMIREZ,2004,12,21,1,20,$479
ANA,RODRIGUEZ,SANCHEZ,1987,8,14,6,37,"$2,818"
FERNANDO,LOPEZ,MARTINEZ,1991,8,13,20,33,"$8,155"
PEDRO,HERNANDEZ,GARCIA,1987,3,11,11,37,"$4,709"
PEDRO,MARTINEZ,HERNANDEZ,1994,9,13,6,30,"$1,751"
PEDRO,GARCIA,MARTINEZ,2000,8,17,4,24,"$1,259"
MARIA,CRUZ,CRUZ,2000,9,16,17,24,"$6,316"
ANA,RAMIREZ,LOPEZ,2002,11,5,5,22,"$2,442"
LUIS,RODRIGUEZ,MARTINEZ,1992,12,19,10,32,"$3,254"
SOFIA,RODRIGUEZ,LOPEZ,1996,7,23,13,28,"$4,148"
LAURA,CRUZ,PEREZ,1997,9,6,1,27,$275
CARLOS,GOMEZ,LOPEZ,1986,8,27,16,38,"$7,886"
JUAN,HERNANDEZ,RODRIGUEZ,2005,5,1,7,19,"$3,314"
PEDRO,HERNANDEZ,RAMIREZ,1990,4,12,3,34,"$1,338"
MARIA,CRUZ,PEREZ,2000,4,13,14,24,"$5,862"
LUIS,LOPEZ,GARCIA,2004,8,23,4,20,"$1,204"
SOFIA,RODRIGUEZ,SANCHEZ,1987,11,20,9,37,"$2,598"
FERNANDO,GARCIA,RAMIREZ,2004,3,18,15,20,"$5,897"
ANA,RODRIGUEZ,MARTINEZ,2000,3,8,20,24,"$5,632"
ANA,RAMIREZ,SANCHEZ,1988,5,13,4,36,"$1,752"
GABRIELA,MARTINEZ,RODRIGUEZ,1993,1,4,7,31,"$1,703"
FERNANDO,HERNANDEZ,SANCHEZ,2001,4,3,10,23,"$3,402"
CARLOS,PEREZ,GARCIA,1986,8,24,20,38,"$4,513"
PEDRO,GOMEZ,RAMIREZ,1989,5,7,6,35,"$2,456"
LAURA,GOMEZ,RAMIREZ,1990,11,19,16,34,"$7,884"
FERNANDO,GARCIA,MARTINEZ,1986,2,28,9,38,"$4,413"
FERNANDO,PEREZ,GOMEZ,1989,9,7,10,35,"$4,410"
PEDRO,SANCHEZ,RAMIREZ,2003,1,6,19,21,"$6,410"
SOFIA,GARCIA,CRUZ,1989,2,23,9,35,"$3,674"
GABRIELA,MARTINEZ,LOPEZ,1994,5,17,16,30,"$7,766"
ANA,RODRIGUEZ,HERNANDEZ,1992,2,17,6,32,"$1,855"
FERNANDO,SANCHEZ,PEREZ,1997,5,13,19,27,"$7,347"
GABRIELA,PEREZ,PEREZ,1990,1,22,10,34,"$2,157"
JUAN,RAMIREZ,RAMIREZ,1995,11,12,16,29,"$4,198"
PEDRO,GOMEZ,GOMEZ,2001,1,2,5,23,"$2,457"
SOFIA,HERNANDEZ,GARCIA,1994,2,26,12,30,"$4,547"
CARLOS,RODRIGUEZ,SANCHEZ,1986,12,19,14,38,"$6,355"
LUIS,RODRIGUEZ,RODRIGUEZ,1994,2,7,16,30,"$7,272"
SOFIA,GARCIA,RAMIREZ,1995,10,6,12,29,"$4,495"
JUAN,SANCHEZ,GARCIA,1985,1,12,17,39,"$5,894"
FERNANDO,GOMEZ,HERNANDEZ,2004,4,16,19,20,"$7,578"
GABRIELA,PEREZ,RAMIREZ,1991,4,9,8,33,"$3,998"
FERNANDO,GOMEZ,MARTINEZ,2004,9,17,9,20,"$2,311"
FERNANDO,GOMEZ,HERNANDEZ,1995,2,18,11,29,"$2,406"
CARLOS,SANCHEZ,LOPEZ,1989,6,27,2,35,$629
JUAN,MARTINEZ,GOMEZ,1993,7,9,20,31,"$7,146"
CARLOS,RAMIREZ,MARTINEZ,1987,5,19,10,37,"$4,065"
CARLOS,SANCHEZ,CRUZ,1988,11,13,13,36,"$5,547"
ANA,MARTINEZ,CRUZ,1990,6,4,8,34,"$2,089"
CARLOS,LOPEZ,LOPEZ,2002,6,5,6,22,"$1,912"
CARLOS,LOPEZ,MARTINEZ,2001,10,19,20,23,"$8,325"
CARLOS,CRUZ,MARTINEZ,1988,9,15,18,36,"$6,614"
GABRIELA,GOMEZ,PEREZ,1991,4,1,2,33,$647
CARLOS,CRUZ,GOMEZ,2001,1,14,10,23,"$3,913"
PEDRO,CRUZ,RAMIREZ,2004,10,11,2,20,$932
FERNANDO,HERNANDEZ,GOMEZ,1995,4,28,8,29,"$3,389"
GABRIELA,RODRIGUEZ,SANCHEZ,1997,8,24,9,27,"$2,333"
ANA,GOMEZ,CRUZ,2002,2,20,5,22,"$1,927"
JUAN,MARTINEZ,PEREZ,1991,9,21,3,33,"$1,390"
SOFIA,HERNANDEZ,GOMEZ,2004,12,26,19,20,"$5,605"
PEDRO,GOMEZ,GOMEZ,1992,7,25,15,32,"$3,930"
GABRIELA,GOMEZ,SANCHEZ,1999,4,15,13,25,"$4,522"
SOFIA,LOPEZ,HERNANDEZ,2002,4,4,12,22,"$3,037"
LAURA,GARCIA,GOMEZ,1990,6,18,1,34,$332
MARIA,HERNANDEZ,GOMEZ,1985,10,8,7,39,"$1,806"
FERNANDO,PEREZ,PEREZ,1995,9,17,16,29,"$4,816"
SOFIA,CRUZ,GOMEZ,1994,11,15,11,30,"$2,582"
SOFIA,LOPEZ,SANCHEZ,1993,12,18,14,31,"$5,249"
GABRIELA,GOMEZ,CRUZ,1998,5,15,5,26,"$1,397"
FERNANDO,GOMEZ,LOPEZ,1998,8,2,16,26,"$4,695"
JUAN,GOMEZ,GARCIA,1986,3,27,9,38,"$3,983"
MARIA,PEREZ,RAMIREZ,1993,4,4,7,31,"$3,218"
FERNANDO,GARCIA,SANCHEZ,1997,5,21,5,27,"$1,523"
LUIS,MARTINEZ,PEREZ,1995,2,18,2,29,$439
ANA,PEREZ,RAMIREZ,1985,4,1,17,39,"$8,035"
GABRIELA,GOMEZ,LOPEZ,1997,6,11,2,27,$462
JUAN,RODRIGUEZ,HERNANDEZ,1990,12,20,9,34,"$2,534"
LUIS,SANCHEZ,PEREZ,2001,5,11,4,23,"$1,948"
SOFIA,RAMIREZ,GOMEZ,1987,8,12,10,37,"$2,112"
GABRIELA,PEREZ,RODRIGUEZ,1999,10,25,16,25,"$4,726"
FERNANDO,RODRIGUEZ,MARTINEZ,1991,12,1,11,33,"$4,423"
SOFIA,PEREZ,MARTINEZ,1995,10,23,3,29,"$1,475"
MARIA,HERNANDEZ,GOMEZ,2004,4,3,1,20,$401
JUAN,HERNANDEZ,SANCHEZ,1994,2,28,1,30,$391
MARIA,GARCIA,RODRIGUEZ,1986,7,7,14,38,"$6,199"
CARLOS,GARCIA,CRUZ,1987,8,8,18,37,"$7,093"
LAURA,RODRIGUEZ,PEREZ,1994,5,10,7,30,"$2,008"
JUAN,SANCHEZ,CRUZ,1997,11,1,11,27,"$3,552"
LAURA,CRUZ,HERNANDEZ,1989,3,15,11,35,"$2,945"
CARLOS,GARCIA,MARTINEZ,1994,1,14,18,30,"$4,080"
LAURA,MARTINEZ,HERNANDEZ,2003,4,10,20,21,"$8,793"
LAURA,RODRIGUEZ,PEREZ,1988,11,26,19,36,"$5,855"
SOFIA,RODRIGUEZ,MARTINEZ,1989,5,11,3,35,"$1,258"
SOFIA,RAMIREZ,CRUZ,2005,2,9,4,19,$825
MARIA,GARCIA,MARTINEZ,2001,8,3,3,23,$606
SOFIA,CRUZ,SANCHEZ,1992,2,7,19,32,"$5,691"
MARIA,LOPEZ,RODRIGUEZ,1998,11,26,8,26,"$2,664"
PEDRO,PEREZ,LOPEZ,1988,7,6,20,36,"$7,388"
SOFIA,GOMEZ,SANCHEZ,1988,6,22,13,36,"$2,801"
LUIS,LOPEZ,MARTINEZ,1995,12,17,7,29,"$2,315"
GABRIELA,GOMEZ,GOMEZ,2002,6,5,3,22,$737
ANA,GARCIA,LOPEZ,1986,8,15,12,38,"$5,947"
SOFIA,LOPEZ,CRUZ,1993,2,17,4,31,"$1,227"
GABRIELA,MARTINEZ,RODRIGUEZ,1999,3,23,9,25,"$4,398"
ANA,HERNANDEZ,RAMIREZ,1990,1,5,6,34,"$2,965"
LUIS,PEREZ,GOMEZ,1992,7,22,3,32,$671
LAURA,MARTINEZ,RAMIREZ,1990,1,12,18,34,"$4,504"
LAURA,PEREZ,RODRIGUEZ,1994,7,23,11,30,"$5,102"
GABRIELA,GARCIA,RAMIREZ,1991,8,13,4,33,"$1,452"
ANA,LOPEZ,MARTINEZ,1989,7,14,7,35,"$3,319"
ANA,CRUZ,SANCHEZ,1986,6,28,14,38,"$2,866"
FERNANDO,SANCHEZ,MARTINEZ,1997,4,21,2,27,$492
LAURA,RAMIREZ,PEREZ,1987,3,26,3,37,"$1,311"
SOFIA,LOPEZ,GARCIA,1985,7,4,19,39,"$8,243"
LUIS,RAMIREZ,LOPEZ,1998,2,15,20,26,"$4,560"
LUIS,GARCIA,CRUZ,1991,9,15,13,33,"$4,222"
JUAN,LOPEZ,MARTINEZ,1993,9,8,20,31,"$4,010"
CARLOS,LOPEZ,PEREZ,2003,5,21,13,21,"$3,701"
SOFIA,PEREZ,SANCHEZ,1997,6,22,17,27,"$8,007"
ANA,RODRIGUEZ,RODRIGUEZ,1999,9,7,13,25,"$3,445"
SOFIA,MARTINEZ,MARTINEZ,1992,4,3,15,32,"$5,664"
CARLOS,SANCHEZ,HERNANDEZ,2004,3,4,1,20,$423
SOFIA,GARCIA,RAMIREZ,2003,2,7,14,21,"$4,718"
SOFIA,CRUZ,LOPEZ,2002,2,9,5,22,"$2,035"
PEDRO,RODRIGUEZ,CRUZ,1991,7,8,7,33,"$1,706"
LUIS,GOMEZ,LOPEZ,1999,11,24,10,25,"$2,700"
ANA,RAMIREZ,CRUZ,1988,5,16,15,36,"$3,460"
FERNANDO,MARTINEZ,SANCHEZ,1986,4,1,10,38,"$3,851"
MARIA,LOPEZ,GOMEZ,1987,11,23,7,37,"$1,582"
FERNANDO,RAMIREZ,RAMIREZ,2003,6,21,12,21,"$4,335"
CARLOS,HERNANDEZ,PEREZ,2001,8,17,17,23,"$4,748"
JUAN,LOPEZ,SANCHEZ,1995,11,5,16,29,"$4,962"
FERNANDO,GOMEZ,PEREZ,2002,9,1,8,22,"$2,680"
CARLOS,RAMIREZ,CRUZ,1986,10,20,9,38,"$2,304"
LUIS,RODRIGUEZ,RODRIGUEZ,2003,8,12,10,21,"$4,769"
PEDRO,GARCIA,GOMEZ,1992,1,28,18,32,"$8,988"
ANA,CRUZ,GARCIA,2005,2,5,18,19,"$6,676"
FERNANDO,SANCHEZ,LOPEZ,1990,3,10,2,34,$568
ANA,PEREZ,SANCHEZ,1996,7,22,14,28,"$2,834"
JUAN,SANCHEZ,SANCHEZ,1997,1,27,6,27,"$1,564"
PEDRO,PEREZ,GARCIA,1985,7,16,5,39,"$2,423"
SOFIA,LOPEZ,HERNANDEZ,1996,7,9,14,28,"$4,310"
PEDRO,GARCIA,MARTINEZ,2000,1,11,1,24,$243
FERNANDO,HERNANDEZ,LOPEZ,1998,8,24,13,26,"$2,890"
JUAN,RODRIGUEZ,SANCHEZ,2000,7,6,8,24,"$2,104"
GABRIELA,GARCIA,RAMIREZ,1985,12,13,16,39,"$4,738"
ANA,RAMIREZ,SANCHEZ,1993,1,7,18,31,"$8,763"
MARIA,RAMIREZ,MARTINEZ,2005,11,17,1,19,$237
GABRIELA,RODRIGUEZ,PEREZ,1996,11,23,10,28,"$3,838"
SOFIA,MARTINEZ,CRUZ,1996,5,12,12,28,"$5,761"
LAURA,CRUZ,SANCHEZ,2005,1,19,6,19,"$2,066"
LAURA,GOMEZ,GOMEZ,1985,8,9,14,39,"$4,763"
FERNANDO,RODRIGUEZ,GARCIA,2005,5,6,8,19,"$3,782"
FERNANDO,CRUZ,RAMIREZ,1990,3,19,16,34,"$5,568"
JUAN,RAMIREZ,LOPEZ,1994,2,19,1,30,$326
JUAN,RODRIGUEZ,SANCHEZ,2004,1,6,4,20,"$1,888"
CARLOS,GARCIA,SANCHEZ,1996,8,10,12,28,"$3,344"
LAURA,HERNANDEZ,RODRIGUEZ,2001,5,9,19,23,"$6,520"
LUIS,GARCIA,GOMEZ,1989,5,5,11,35,"$2,813"
LAURA,HERNANDEZ,SANCHEZ,1986,10,8,3,38,$889
ANA,GOMEZ,LOPEZ,1994,5,24,2,30,$576
MARIA,PEREZ,CRUZ,2000,3,3,16,24,"$4,522"
JUAN,MARTINEZ,GOMEZ,1987,9,19,10,37,"$3,863"
MARIA,PEREZ,RODRIGUEZ,1993,3,3,14,31,"$6,595"
ANA,RAMIREZ,PEREZ,1995,5,14,20,29,"$5,143"
SOFIA,LOPEZ,GARCIA,1996,2,25,8,28,"$2,233"
GABRIELA,GOMEZ,PEREZ,2004,3,1,10,20,"$2,567"
CARLOS,LOPEZ,LOPEZ,1992,12,24,4,32,"$1,295"
CARLOS,LOPEZ,GOMEZ,1988,6,13,1,36,$232
PEDRO,SANCHEZ,GOMEZ,2000,7,2,3,24,"$1,320"
LAURA,GOMEZ,LOPEZ,1996,11,24,7,28,"$2,498"
FERNANDO,RODRIGUEZ,SANCHEZ,1991,5,10,16,33,"$6,719"
CARLOS,GARCIA,GARCIA,1993,10,3,14,31,"$4,822"
LUIS,PEREZ,RAMIREZ,1986,2,5,19,38,"$4,096"
FERNANDO,CRUZ,HERNANDEZ,2004,5,18,9,20,"$2,748"
SOFIA,RODRIGUEZ,RAMIREZ,1988,2,7,10,36,"$2,841"
FERNANDO,MARTINEZ,MARTINEZ,1988,1,22,4,36,"$1,735"
GABRIELA,LOPEZ,RAMIREZ,2002,10,3,16,22,"$6,065"
CARLOS,PEREZ,GOMEZ,1988,9,26,8,36,"$3,406"
ANA,PEREZ,SANCHEZ,1994,4,7,15,30,"$6,315"
CARLOS,MARTINEZ,GOMEZ,1995,9,22,8,29,"$3,657"
LAURA,GOMEZ,MARTINEZ,1996,12,18,13,28,"$2,779"
LUIS,LOPEZ,CRUZ,1987,3,13,19,37,"$3,851"
SOFIA,LOPEZ,RODRIGUEZ,1990,11,23,19,34,"$4,359"
ANA,HERNANDEZ,RAMIREZ,2000,6,10,20,24,"$7,831"
LAURA,GARCIA,RODRIGUEZ,1993,10,27,12,31,"$5,316"
FERNANDO,RODRIGUEZ,HERNANDEZ,1985,3,20,3,39,$876
MARIA,CRUZ,CRUZ,1994,12,28,8,30,"$2,057"
LUIS,RAMIREZ,SANCHEZ,1996,8,9,20,28,"$5,486"
CARLOS,RODRIGUEZ,SANCHEZ,2005,6,11,18,19,"$5,155"
CARLOS,RODRIGUEZ,MARTINEZ,1994,12,12,13,30,"$2,983"
MARIA,LOPEZ,RAMIREZ,1985,10,17,18,39,"$8,190"
SOFIA,PEREZ,CRUZ,1988,2,12,7,36,"$1,642"
MARIA,PEREZ,GOMEZ,2000,4,27,5,24,"$2,278"
CARLOS,RODRIGUEZ,HERNANDEZ,1997,5,21,5,27,"$1,992"
JUAN,SANCHEZ,GARCIA,1993,4,16,11,31,"$3,121"
PEDRO,RAMIREZ,GOMEZ,2003,1,20,2,21,$806
LUIS,HERNANDEZ,RODRIGUEZ,1996,8,15,12,28,"$4,619"
PEDRO,GARCIA,PEREZ,2003,9,2,1,21,$491
SOFIA,MARTINEZ,GARCIA,1988,10,21,20,36,"$4,482"
JUAN,HERNANDEZ,LOPEZ,1992,12,12,11,32,"$2,654"
ANA,PEREZ,GOMEZ,1987,12,6,18,37,"$5,267"
FERNANDO,GOMEZ,PEREZ,1990,1,11,18,34,"$7,021"
ANA,CRUZ,PEREZ,1992,11,18,5,32,"$2,061"
FERNANDO,RODRIGUEZ,GARCIA,1992,1,7,16,32,"$4,159"
LUIS,HERNANDEZ,GARCIA,1993,1,16,1,31,$207
MARIA,GARCIA,RODRIGUEZ,1987,4,16,7,37,"$1,594"
PEDRO,RAMIREZ,PEREZ,1990,7,9,18,34,"$8,876"
LUIS,PEREZ,CRUZ,1999,9,3,15,25,"$6,076"
GABRIELA,GOMEZ,HERNANDEZ,1994,4,18,6,30,"$2,391"
GABRIELA,RODRIGUEZ,CRUZ,1999,9,19,16,25,"$5,771"
PEDRO,RODRIGUEZ,RAMIREZ,1994,11,3,6,30,"$1,261"
CARLOS,CRUZ,HERNANDEZ,2000,6,22,6,24,"$2,389"
FERNANDO,SANCHEZ,RAMIREZ,2004,9,6,19,20,"$8,348"
JUAN,GOMEZ,MARTINEZ,2005,8,10,13,19,"$2,653"
MARIA,CRUZ,RAMIREZ,1989,3,24,6,35,"$1,770"
ANA,HERNANDEZ,GARCIA,1986,2,2,11,38,"$3,673"
CARLOS,RODRIGUEZ,RAMIREZ,1999,5,11,17,25,"$4,112"
FERNANDO,RAMIREZ,CRUZ,2005,5,23,3,19,$986
LUIS,LOPEZ,RODRIGUEZ,1998,6,15,18,26,"$8,056"
JUAN,GARCIA,RODRIGUEZ,2003,4,15,12,21,"$5,813"
FERNANDO,MARTINEZ,MARTINEZ,1991,10,5,6,33,"$2,333"
JUAN,MARTINEZ,SANCHEZ,2000,4,10,4,24,"$1,027"
LAURA,LOPEZ,MARTINEZ,1993,7,1,12,31,"$5,426"
SOFIA,GARCIA,HERNANDEZ,1988,10,4,10,36,"$4,253"
LUIS,HERNANDEZ,CRUZ,1992,3,7,17,32,"$3,516"
CARLOS,SANCHEZ,MARTINEZ,1997,11,11,12,27,"$5,804"
LUIS,GOMEZ,HERNANDEZ,2001,7,20,9,23,"$2,020"
LAURA,LOPEZ,LOPEZ,2005,12,12,10,19,"$3,722"
ANA,GARCIA,GARCIA,1999,8,26,2,25,$544
JUAN,MARTINEZ,MARTINEZ,1989,10,4,8,35,"$2,340"
SOFIA,CRUZ,GARCIA,1987,12,17,19,37,"$9,342"
SOFIA,MARTINEZ,LOPEZ,1994,11,13,17,30,"$5,354"
GABRIELA,GARCIA,SANCHEZ,1993,12,1,9,31,"$2,465"
CARLOS,HERNANDEZ,RAMIREZ,2000,6,16,17,24,"$4,529"
SOFIA,CRUZ,SANCHEZ,2003,7,26,11,21,"$4,381"
LAURA,GOMEZ,PEREZ,1991,5,7,16,33,"$6,775"
PEDRO,HERNANDEZ,HERNANDEZ,1997,7,23,5,27,"$2,243"
FERNANDO,SANCHEZ,GOMEZ,2003,5,3,17,21,"$8,331"
SOFIA,GOMEZ,CRUZ,1994,9,26,1,30,$375
LUIS,SANCHEZ,HERNANDEZ,1986,12,20,3,38,"$1,375"
SOFIA,GARCIA,MARTINEZ,1987,1,9,10,37,"$2,025"
MARIA,RAMIREZ,PEREZ,1985,1,2,12,39,"$4,100"
GABRIELA,GARCIA,MARTINEZ,1994,11,14,4,30,"$1,958"
GABRIELA,GARCIA,RAMIREZ,1994,3,9,15,30,"$6,289"
PEDRO,LOPEZ,CRUZ,2002,6,18,15,22,"$3,466"
GABRIELA,RAMIREZ,RODRIGUEZ,1999,9,11,19,25,"$6,624"
MARIA,PEREZ,MARTINEZ,1989,6,21,12,35,"$2,412"
JUAN,LOPEZ,HERNANDEZ,2000,3,20,1,24,$460
SOFIA,SANCHEZ,PEREZ,1985,4,4,10,39,"$3,662"
ANA,GOMEZ,HERNANDEZ,1987,11,24,15,37,"$3,669"
FERNANDO,RODRIGUEZ,CRUZ,2004,12,7,14,20,"$6,153"
CARLOS,HERNANDEZ,SANCHEZ,2004,12,6,15,20,"$6,996"
MARIA,SANCHEZ,SANCHEZ,1993,7,21,17,31,"$7,204"
LAURA,MARTINEZ,HERNANDEZ,1990,5,1,9,34,"$2,936"
MARIA,HERNANDEZ,MARTINEZ,1993,7,5,14,31,"$4,055"
LAURA,RODRIGUEZ,GARCIA,1985,9,28,3,39,"$1,455"
GABRIELA,GOMEZ,LOPEZ,2003,11,20,13,21,"$4,158"
SOFIA,LOPEZ,CRUZ,2004,10,17,3,20,"$1,261"
MARIA,CRUZ,GARCIA,1997,6,19,9,27,"$2,223"
GABRIELA,PEREZ,PEREZ,2001,8,1,13,23,"$4,406"
PEDRO,GOMEZ,LOPEZ,1986,6,12,16,38,"$4,457"
PEDRO,RAMIREZ,LOPEZ,2005,12,25,15,19,"$3,251"
MARIA,GARCIA,MARTINEZ,2003,3,21,17,21,"$5,095"
PEDRO,RAMIREZ,RODRIGUEZ,1999,1,21,12,25,"$5,302"
ANA,CRUZ,LOPEZ,1994,1,11,13,30,"$4,201"
LAURA,SANCHEZ,RAMIREZ,1985,1,9,12,39,"$2,449"
LAURA,RODRIGUEZ,SANCHEZ,2005,7,20,18,19,"$6,645"
FERNANDO,GARCIA,GOMEZ,2001,12,17,19,23,"$5,801"
GABRIELA,LOPEZ,PEREZ,2003,5,15,11,21,"$2,557"
SOFIA,LOPEZ,MARTINEZ,1991,1,1,18,33,"$7,769"
ANA,RODRIGUEZ,PEREZ,1991,10,5,13,33,"$3,627"
ANA,CRUZ,CRUZ,1999,11,9,13,25,"$5,288"
SOFIA,GARCIA,PEREZ,2000,2,19,7,24,"$1,974"
FERNANDO,CRUZ,CRUZ,1998,5,3,5,26,"$2,393"
CARLOS,LOPEZ,RODRIGUEZ,1988,12,19,5,36,"$1,793"
LUIS,GOMEZ,RODRIGUEZ,1987,1,8,14,37,"$4,858"
SOFIA,CRUZ,RODRIGUEZ,1991,5,27,14,33,"$5,162"
SOFIA,PEREZ,RODRIGUEZ,1985,1,19,5,39,"$1,449"
LAURA,GOMEZ,SANCHEZ,2002,2,4,10,22,"$3,293"
GABRIELA,GOMEZ,GARCIA,1988,9,19,20,36,"$9,754"
CARLOS,RODRIGUEZ,GARCIA,1993,2,3,9,31,"$2,750"
GABRIELA,PEREZ,MARTINEZ,1998,2,22,19,26,"$7,358"
FERNANDO,GARCIA,CRUZ,1995,12,15,8,29,"$2,532"
JUAN,GARCIA,RAMIREZ,1996,7,12,15,28,"$7,345"
SOFIA,PEREZ,HERNANDEZ,1987,3,4,1,37,$292
LUIS,GOMEZ,HERNANDEZ,2000,10,8,4,24,"$1,890"
MARIA,RAMIREZ,CRUZ,1991,1,26,1,33,$336
PEDRO,CRUZ,RAMIREZ,1994,11,26,8,30,"$1,620"
LUIS,PEREZ,MARTINEZ,1985,11,20,1,39,$402
CARLOS,LOPEZ,CRUZ,2000,1,5,13,24,"$5,168"
PEDRO,PEREZ,CRUZ,2003,9,8,17,21,"$5,659"
FERNANDO,RAMIREZ,RAMIREZ,2005,10,19,5,19,"$1,272"
FERNANDO,GARCIA,MARTINEZ,1992,8,1,12,32,"$3,316"
GABRIELA,RAMIREZ,GARCIA,2000,10,5,20,24,"$8,003"
ANA,LOPEZ,HERNANDEZ,1997,5,27,8,27,"$3,927"
MARIA,RODRIGUEZ,HERNANDEZ,1990,10,15,4,34,"$1,676"
SOFIA,SANCHEZ,CRUZ,2003,4,24,14,21,"$3,951"
ANA,GOMEZ,RODRIGUEZ,1988,5,13,14,36,"$5,449"
ANA,HERNANDEZ,MARTINEZ,1997,12,9,12,27,"$5,328"
PEDRO,RODRIGUEZ,GOMEZ,2005,10,5,13,19,"$4,044"
JUAN,RODRIGUEZ,GARCIA,1995,11,24,13,29,"$5,391"
SOFIA,SANCHEZ,MARTINEZ,1988,5,11,9,36,"$3,058"
SOFIA,HERNANDEZ,GARCIA,1993,5,17,3,31,$816
ANA,RAMIREZ,RAMIREZ,1992,8,19,3,32,$705
MARIA,CRUZ,HERNANDEZ,2003,1,23,17,21,"$4,371"
FERNANDO,PEREZ,GARCIA,1991,3,10,3,33,"$1,435"
LAURA,LOPEZ,SANCHEZ,1994,5,15,6,30,"$2,974"
LAURA,RODRIGUEZ,RODRIGUEZ,1997,3,23,7,27,"$1,433"
FERNANDO,PEREZ,SANCHEZ,1989,7,19,16,35,"$6,729"
JUAN,RAMIREZ,GARCIA,1997,3,17,3,27,"$1,079"
FERNANDO,CRUZ,HERNANDEZ,2001,1,16,8,23,"$3,035"
JUAN,RAMIREZ,RODRIGUEZ,1986,12,8,6,38,"$1,596"
FERNANDO,HERNANDEZ,GARCIA,1995,4,27,15,29,"$6,930"
PEDRO,GARCIA,GARCIA,2002,7,6,14,22,"$6,862"
JUAN,CRUZ,SANCHEZ,2003,9,2,3,21,$738
GABRIELA,RAMIREZ,GARCIA,2003,5,24,4,21,$850
LAURA,RODRIGUEZ,LOPEZ,1997,7,6,14,27,"$5,409"
LAURA,RAMIREZ,HERNANDEZ,1999,6,16,8,25,"$2,059"
PEDRO,GARCIA,LOPEZ,1989,1,20,2,35,$572
LAURA,GOMEZ,RAMIREZ,1997,8,26,17,27,"$6,041"
FERNANDO,CRUZ,GOMEZ,1996,4,25,14,28,"$4,170"
CARLOS,RODRIGUEZ,GARCIA,1995,8,22,16,29,"$3,765"
SOFIA,RAMIREZ,PEREZ,1986,6,3,9,38,"$4,451"
MARIA,GOMEZ,HERNANDEZ,1987,12,13,7,37,"$3,234"
ANA,GOMEZ,CRUZ,1993,12,4,1,31,$292
CARLOS,PEREZ,HERNANDEZ,1996,7,5,18,28,"$6,673"
CARLOS,HERNANDEZ,HERNANDEZ,1994,5,24,7,30,"$3,495"
GABRIELA,GARCIA,GOMEZ,1985,10,8,9,39,"$4,141"
LAURA,RAMIREZ,HERNANDEZ,1992,12,3,7,32,"$3,240"
CARLOS,RAMIREZ,SANCHEZ,1996,6,1,20,28,"$4,650"
SOFIA,HERNANDEZ,HERNANDEZ,1999,1,8,15,25,"$7,170"
LAURA,LOPEZ,MARTINEZ,2005,1,25,7,19,"$1,894"
FERNANDO,RAMIREZ,RODRIGUEZ,1998,8,2,2,26,$769
MARIA,GARCIA,RODRIGUEZ,1999,7,7,17,25,"$6,860"
MARIA,HERNANDEZ,GARCIA,1987,2,23,16,37,"$3,699"
GABRIELA,RAMIREZ,CRUZ,1987,6,26,9,37,"$4,072"
ANA,CRUZ,CRUZ,1991,3,6,10,33,"$3,920"
CARLOS,PEREZ,GARCIA,1995,4,9,1,29,$288
JUAN,LOPEZ,MARTINEZ,1997,9,24,17,27,"$6,877"
JUAN,LOPEZ,GOMEZ,1994,5,26,4,30,"$1,295"
LAURA,RAMIREZ,MARTINEZ,1991,3,6,16,33,"$7,144"
SOFIA,GARCIA,SANCHEZ,1990,12,11,10,34,"$3,604"
LUIS,HERNANDEZ,CRUZ,1987,12,15,1,37,$426
CARLOS,SANCHEZ,PEREZ,1996,5,18,20,28,"$9,631"
SOFIA,GARCIA,CRUZ,2005,6,24,4,19,"$1,045"
CARLOS,LOPEZ,RAMIREZ,1988,8,27,15,36,"$5,753"
MARIA,LOPEZ,RAMIREZ,2005,9,10,19,19,"$4,992"
MARIA,RODRIGUEZ,SANCHEZ,1991,9,20,13,33,"$3,858"
PEDRO,CRUZ,RAMIREZ,2001,12,21,13,23,"$3,030"
PEDRO,LOPEZ,GARCIA,2001,3,4,14,23,"$4,380"
FERNANDO,RODRIGUEZ,CRUZ,1991,7,28,11,33,"$4,345"
MARIA,HERNANDEZ,GOMEZ,1998,6,24,10,26,"$4,800"
MARIA,MARTINEZ,HERNANDEZ,1985,3,18,17,39,"$5,088"
MARIA,HERNANDEZ,RAMIREZ,1987,7,3,18,37,"$8,634"
MARIA,MARTINEZ,RODRIGUEZ,2002,5,20,14,22,"$5,603"
GABRIELA,LOPEZ,CRUZ,1997,12,17,7,27,"$2,596"
FERNANDO,GARCIA,RAMIREZ,1995,4,19,18,29,"$5,392"
GABRIELA,MARTINEZ,MARTINEZ,1993,7,12,15,31,"$4,929"
PEDRO,GARCIA,RAMIREZ,2002,1,27,11,22,"$3,413"
MARIA,CRUZ,SANCHEZ,1987,12,11,14,37,"$5,237"
LAURA,GOMEZ,HERNANDEZ,1993,4,13,20,31,"$6,566"
LUIS,RAMIREZ,PEREZ,1990,7,16,6,34,"$1,250"
LUIS,RAMIREZ,CRUZ,1986,3,15,14,38,"$6,268"
LUIS,PEREZ,GARCIA,2003,6,1,5,21,"$1,667"
FERNANDO,SANCHEZ,PEREZ,1996,12,14,5,28,"$1,888"
MARIA,MARTINEZ,LOPEZ,1996,6,27,8,28,"$3,685"
SOFIA,MARTINEZ,SANCHEZ,1994,10,17,4,30,$847
MARIA,GARCIA,GARCIA,2003,10,21,20,21,"$7,277"
SOFIA,HERNANDEZ,LOPEZ,1993,8,26,15,31,"$5,916"
MARIA,LOPEZ,HERNANDEZ,1994,6,11,12,30,"$3,387"
MARIA,SANCHEZ,SANCHEZ,1985,5,11,19,39,"$7,888"
SOFIA,GOMEZ,SANCHEZ,1990,8,2,10,34,"$4,491"
JUAN,SANCHEZ,CRUZ,2000,12,16,1,24,$442
SOFIA,RODRIGUEZ,LOPEZ,2000,5,21,2,24,$414
CARLOS,RODRIGUEZ,RODRIGUEZ,2004,10,28,20,20,"$9,655"
MARIA,SANCHEZ,CRUZ,1994,4,24,14,30,"$4,292"
JUAN,PEREZ,RODRIGUEZ,1997,4,20,9,27,"$2,173"
FERNANDO,LOPEZ,RAMIREZ,1990,7,25,3,34,$755
CARLOS,RODRIGUEZ,MARTINEZ,1985,4,13,6,39,"$1,418"
PEDRO,LOPEZ,PEREZ,2005,7,23,17,19,"$8,195"
ANA,CRUZ,RODRIGUEZ,1986,9,7,20,38,"$4,455"
SOFIA,GARCIA,HERNANDEZ,2000,1,3,1,24,$449
GABRIELA,SANCHEZ,SANCHEZ,1989,12,14,14,35,"$3,715"
SOFIA,CRUZ,PEREZ,2003,11,24,4,21,$990
FERNANDO,CRUZ,GOMEZ,1992,8,12,20,32,"$4,777"
ANA,SANCHEZ,HERNANDEZ,1993,12,19,18,31,"$4,720"
GABRIELA,MARTINEZ,GOMEZ,2000,10,11,10,24,"$4,991"
FERNANDO,CRUZ,RAMIREZ,2001,7,27,11,23,"$4,856"
GABRIELA,CRUZ,LOPEZ,1994,5,22,1,30,$420
JUAN,RODRIGUEZ,RODRIGUEZ,2001,7,21,1,23,$368
SOFIA,HERNANDEZ,HERNANDEZ,1999,2,12,16,25,"$6,064"
PEDRO,RAMIREZ,MARTINEZ,1999,11,6,6,25,"$2,793"
MARIA,MARTINEZ,GARCIA,1993,8,19,8,31,"$1,756"
LUIS,HERNANDEZ,RODRIGUEZ,1993,9,8,20,31,"$9,776"
CARLOS,SANCHEZ,LOPEZ,1993,12,22,18,31,"$8,080"
SOFIA,PEREZ,RODRIGUEZ,2003,11,22,14,21,"$5,473"
LAURA,SANCHEZ,HERNANDEZ,1998,12,27,3,26,"$1,260"
CARLOS,HERNANDEZ,SANCHEZ,2004,3,3,15,20,"$6,513"
LUIS,MARTINEZ,SANCHEZ,1997,8,14,9,27,"$2,426"
LUIS,RODRIGUEZ,MARTINEZ,2002,10,6,2,22,$890
MARIA,GARCIA,RODRIGUEZ,1994,3,21,16,30,"$4,609"
MARIA,SANCHEZ,PEREZ,1991,10,6,8,33,"$3,785"
ANA,RODRIGUEZ,RAMIREZ,1987,1,12,16,37,"$5,980"
LUIS,GARCIA,HERNANDEZ,1995,10,27,17,29,"$8,388"
JUAN,MARTINEZ,RAMIREZ,1986,2,10,2,38,$818
ANA,LOPEZ,GARCIA,1995,12,5,7,29,"$2,113"
LAURA,HERNANDEZ,GOMEZ,1987,4,14,10,37,"$2,074"
GABRIELA,MARTINEZ,RODRIGUEZ,1997,5,15,6,27,"$2,989"
ANA,CRUZ,CRUZ,2003,8,13,8,21,"$1,997"
PEDRO,PEREZ,MARTINEZ,1994,11,3,12,30,"$5,725"
MARIA,GOMEZ,HERNANDEZ,1987,4,6,12,37,"$3,197"
CARLOS,GOMEZ,GARCIA,2005,12,1,6,19,"$2,304"
LUIS,CRUZ,LOPEZ,1996,2,1,18,28,"$3,896"
LAURA,CRUZ,GARCIA,1991,4,24,17,33,"$6,582"
FERNANDO,CRUZ,GARCIA,1999,6,18,4,25,$860
MARIA,LOPEZ,PEREZ,1985,9,17,7,39,"$1,535"
SOFIA,SANCHEZ,PEREZ,1985,3,5,18,39,"$6,847"
LAURA,RAMIREZ,HERNANDEZ,1992,10,2,10,32,"$3,476"
PEDRO,PEREZ,RODRIGUEZ,2002,2,22,5,22,"$1,314"
CARLOS,LOPEZ,CRUZ,1988,1,28,3,36,$774
PEDRO,GOMEZ,RAMIREZ,1991,12,18,1,33,$215
LAURA,GOMEZ,CRUZ,1985,3,4,6,39,"$2,937"
PEDRO,SANCHEZ,GARCIA,2004,5,14,3,20,$855
FERNANDO,HERNANDEZ,SANCHEZ,1997,2,21,2,27,$796
GABRIELA,SANCHEZ,MARTINEZ,1997,3,24,10,27,"$3,418"
SOFIA,MARTINEZ,LOPEZ,1989,6,22,5,35,"$2,361"
LAURA,GOMEZ,HERNANDEZ,2005,9,23,13,19,"$5,073"
LUIS,PEREZ,HERNANDEZ,1995,9,11,1,29,$252
SOFIA,GOMEZ,SANCHEZ,1987,3,23,8,37,"$2,444"
FERNANDO,RAMIREZ,LOPEZ,2002,3,24,12,22,"$3,109"
CARLOS,HERNANDEZ,GOMEZ,1995,11,12,15,29,"$7,247"
FERNANDO,PEREZ,HERNANDEZ,1986,2,26,4,38,"$1,098"
ANA,PEREZ,CRUZ,1995,8,25,4,29,"$1,142"
CARLOS,RAMIREZ,CRUZ,2004,2,4,14,20,"$3,437"
LUIS,RAMIREZ,MARTINEZ,1998,1,24,3,26,$885
PEDRO,PEREZ,LOPEZ,2003,12,2,19,21,"$6,257"
PEDRO,GOMEZ,RODRIGUEZ,2003,9,22,4,21,"$1,982"
CARLOS,LOPEZ,GOMEZ,1985,3,6,13,39,"$4,157"
ANA,PEREZ,LOPEZ,2005,11,2,19,19,"$9,416"
CARLOS,MARTINEZ,RAMIREZ,1987,8,4,6,37,"$1,610"
GABRIELA,MARTINEZ,HERNANDEZ,2005,12,3,10,19,"$3,499"
GABRIELA,SANCHEZ,PEREZ,1990,6,7,14,34,"$5,677"
GABRIELA,RAMIREZ,HERNANDEZ,1990,5,10,14,34,"$5,686"
ANA,CRUZ,RAMIREZ,2002,2,9,11,22,"$5,485"
MARIA,RAMIREZ,CRUZ,1994,5,5,3,30,"$1,326"
SOFIA,CRUZ,GARCIA,1991,11,28,6,33,"$2,989"
FERNANDO,RODRIGUEZ,RAMIREZ,1995,8,15,20,29,"$4,953"
PEDRO,RODRIGUEZ,GOMEZ,1989,3,6,2,35,$764
JUAN,HERNANDEZ,MARTINEZ,2005,11,10,19,19,"$5,675"
SOFIA,GARCIA,HERNANDEZ,1987,11,21,1,37,$411
GABRIELA,CRUZ,RAMIREZ,1985,8,2,12,39,"$5,665"
LUIS,RAMIREZ,MARTINEZ,2001,11,24,2,23,$605
ANA,CRUZ,SANCHEZ,1985,2,28,5,39,"$1,646"
FERNANDO,SANCHEZ,LOPEZ,1991,9,15,6,33,"$2,064"
FERNANDO,GARCIA,GARCIA,1990,1,13,18,34,"$5,473"
FERNANDO,RAMIREZ,HERNANDEZ,2000,1,2,5,24,"$1,050"
MARIA,GOMEZ,MARTINEZ,1990,1,21,19,34,"$8,687"
LAURA,RODRIGUEZ,RODRIGUEZ,1993,7,9,10,31,"$3,669"
LUIS,GOMEZ,HERNANDEZ,1999,1,7,9,25,"$2,214"
LAURA,RODRIGUEZ,PEREZ,2003,10,26,10,21,"$2,917"
JUAN,GOMEZ,LOPEZ,2004,9,13,4,20,$830
FERNANDO,GOMEZ,RODRIGUEZ,1987,12,10,17,37,"$7,954"
JUAN,RAMIREZ,SANCHEZ,1998,10,18,4,26,$937
FERNANDO,HERNANDEZ,GOMEZ,2000,7,15,11,24,"$4,789"
GABRIELA,LOPEZ,HERNANDEZ,2001,2,16,19,23,"$3,983"
GABRIELA,LOPEZ,MARTINEZ,2002,4,17,14,22,"$4,729"
LAURA,SANCHEZ,PEREZ,1989,2,6,11,35,"$4,521"
JUAN,GARCIA,GOMEZ,1999,5,19,12,25,"$4,115"
MARIA,SANCHEZ,PEREZ,2002,12,15,20,22,"$4,200"
MARIA,RAMIREZ,CRUZ,2001,9,15,9,23,"$2,239"
MARIA,SANCHEZ,RAMIREZ,1998,10,3,4,26,"$1,578"
MARIA,RAMIREZ,LOPEZ,2003,11,28,17,21,"$7,754"
SOFIA,HERNANDEZ,GOMEZ,2005,8,24,8,19,"$1,833"
PEDRO,PEREZ,RODRIGUEZ,1996,10,3,3,28,$635
SOFIA,RAMIREZ,CRUZ,1990,1,2,16,34,"$3,906"
PEDRO,GOMEZ,HERNANDEZ,2002,1,2,1,22,$300
FERNANDO,GOMEZ,SANCHEZ,1991,11,17,2,33,$598
JUAN,SANCHEZ,CRUZ,2001,8,9,14,23,"$3,931"
CARLOS,MARTINEZ,PEREZ,1990,3,26,12,34,"$2,900"
LUIS,GOMEZ,SANCHEZ,1989,6,3,6,35,"$1,544"
LUIS,RAMIREZ,PEREZ,1994,7,4,16,30,"$6,467"
PEDRO,MARTINEZ,LOPEZ,2005,4,11,9,19,"$3,654"
CARLOS,PEREZ,CRUZ,1999,11,18,5,25,"$2,347"
FERNANDO,CRUZ,LOPEZ,1990,11,1,1,34,$447
ANA,RAMIREZ,GOMEZ,2003,1,27,11,21,"$3,038"
LAURA,RAMIREZ,SANCHEZ,1998,6,18,17,26,"$7,847"
ANA,RAMIREZ,RODRIGUEZ,1990,2,2,7,34,"$1,827"
MARIA,LOPEZ,RODRIGUEZ,1996,2,14,14,28,"$3,438"
LAURA,CRUZ,PEREZ,1998,4,22,10,26,"$3,877"
MARIA,SANCHEZ,GOMEZ,1985,5,23,15,39,"$5,579"
ANA,HERNANDEZ,PEREZ,1986,1,8,13,38,"$4,472"
GABRIELA,RAMIREZ,LOPEZ,1999,8,27,17,25,"$4,677"
MARIA,GARCIA,RAMIREZ,1994,5,7,13,30,"$4,600"
LUIS,RODRIGUEZ,RODRIGUEZ,2000,9,16,4,24,"$1,151"
JUAN,RODRIGUEZ,RODRIGUEZ,1990,3,20,10,34,"$4,174"
LUIS,CRUZ,MARTINEZ,1989,9,8,20,35,"$5,630"
LUIS,GARCIA,LOPEZ,1986,1,19,16,38,"$4,564"
PEDRO,LOPEZ,MARTINEZ,2003,3,28,17,21,"$5,544"
LAURA,LOPEZ,CRUZ,1992,2,1,6,32,"$1,995"
LUIS,CRUZ,SANCHEZ,2000,8,8,14,24,"$6,462"
CARLOS,LOPEZ,LOPEZ,2002,2,3,11,22,"$4,753"
FERNANDO,SANCHEZ,HERNANDEZ,1999,5,15,15,25,"$6,288"
MARIA,GARCIA,CRUZ,1993,7,23,14,31,"$3,700"
JUAN,LOPEZ,PEREZ,1999,8,8,5,25,"$1,023"
JUAN,LOPEZ,CRUZ,1994,5,7,19,30,"$4,875"
SOFIA,HERNANDEZ,SANCHEZ,1994,1,4,2,30,$803
LUIS,CRUZ,SANCHEZ,1987,2,21,7,37,"$1,569"
JUAN,RAMIREZ,SANCHEZ,1989,3,4,6,35,"$2,497"
CARLOS,SANCHEZ,MARTINEZ,1988,4,14,3,36,$968
FERNANDO,LOPEZ,PEREZ,1997,9,27,11,27,"$2,525"
CARLOS,CRUZ,MARTINEZ,1985,4,11,20,39,"$6,802"
SOFIA,RAMIREZ,GARCIA,2000,4,26,19,24,"$4,262"
ANA,LOPEZ,CRUZ,2004,6,27,5,20,"$2,294"
GABRIELA,GARCIA,LOPEZ,1991,11,19,15,33,"$3,548"
ANA,MARTINEZ,CRUZ,1990,5,11,7,34,"$3,195"
LAURA,LOPEZ,RODRIGUEZ,1998,11,28,3,26,"$1,222"
FERNANDO,CRUZ,HERNANDEZ,1991,11,17,7,33,"$3,155"
PEDRO,PEREZ,HERNANDEZ,1986,7,3,7,38,"$1,766"
CARLOS,RAMIREZ,RODRIGUEZ,1998,7,8,10,26,"$3,183"
LAURA,GARCIA,MARTINEZ,1996,7,2,7,28,"$2,322"
MARIA,PEREZ,MARTINEZ,1996,4,10,2,28,$883
FERNANDO,SANCHEZ,LOPEZ,1988,6,12,9,36,"$4,320"
JUAN,LOPEZ,CRUZ,1987,5,24,16,37,"$4,546"
ANA,PEREZ,RODRIGUEZ,2005,12,25,4,19,"$1,420"
PEDRO,MARTINEZ,GOMEZ,1990,3,14,15,34,"$7,252"
JUAN,CRUZ,CRUZ,2002,12,7,9,22,"$2,950"
GABRIELA,MARTINEZ,HERNANDEZ,1985,1,12,3,39,"$1,125"
SOFIA,GOMEZ,LOPEZ,1995,11,17,6,29,"$2,277"
JUAN,MARTINEZ,HERNANDEZ,1999,5,1,6,25,"$2,133"
CARLOS,RODRIGUEZ,RAMIREZ,1991,8,7,19,33,"$9,496"
LAURA,LOPEZ,RODRIGUEZ,1997,10,16,11,27,"$4,510"
CARLOS,GOMEZ,PEREZ,1986,10,11,11,38,"$2,734"
LAURA,SANCHEZ,RAMIREZ,1992,8,26,5,32,"$2,484"
SOFIA,RAMIREZ,LOPEZ,2005,10,23,7,19,"$1,593"
JUAN,MARTINEZ,RAMIREZ,1994,8,13,6,30,"$1,671"
FERNANDO,RAMIREZ,MARTINEZ,1986,8,18,10,38,"$3,147"
MARIA,RODRIGUEZ,LOPEZ,2003,8,5,1,21,$270
LUIS,PEREZ,RODRIGUEZ,2000,7,2,3,24,"$1,127"
LAURA,LOPEZ,HERNANDEZ,1994,3,22,7,30,"$2,471"
SOFIA,GOMEZ,SANCHEZ,1999,1,15,16,25,"$4,128"
ANA,MARTINEZ,PEREZ,1985,11,16,18,39,"$8,121"
MARIA,CRUZ,CRUZ,1995,6,12,17,29,"$3,438"
MARIA,MARTINEZ,MARTINEZ,2004,7,18,18,20,"$5,905"
CARLOS,RODRIGUEZ,GARCIA,1991,3,22,20,33,"$5,880"
JUAN,GOMEZ,GOMEZ,1986,9,17,15,38,"$4,483"
FERNANDO,MARTINEZ,GARCIA,1988,4,12,5,36,"$2,396"
GABRIELA,GOMEZ,MARTINEZ,1988,8,9,12,36,"$5,996"
ANA,CRUZ,CRUZ,1995,10,13,18,29,"$6,984"
GABRIELA,HERNANDEZ,GARCIA,1991,4,19,5,33,"$1,132"
LAURA,LOPEZ,SANCHEZ,1994,3,18,2,30,$669
PEDRO,RODRIGUEZ,CRUZ,1993,11,25,8,31,"$3,578"
CARLOS,GOMEZ,RAMIREZ,2003,5,18,14,21,"$5,768"
JUAN,GOMEZ,HERNANDEZ,1991,9,22,12,33,"$4,786"
CARLOS,RODRIGUEZ,GARCIA,1997,11,7,14,27,"$5,646"
CARLOS,GARCIA,GOMEZ,1992,4,9,18,32,"$6,936"
CARLOS,RODRIGUEZ,RODRIGUEZ,1986,2,12,14,38,"$5,623"
FERNANDO,GARCIA,GOMEZ,2005,7,15,18,19,"$7,831"
MARIA,SANCHEZ,RAMIREZ,2004,8,1,17,20,"$4,855"
ANA,GARCIA,MARTINEZ,1991,3,1,15,33,"$6,443"
GABRIELA,GOMEZ,MARTINEZ,1992,7,11,8,32,"$3,073"
JUAN,LOPEZ,SANCHEZ,1997,7,10,9,27,"$2,114"
PEDRO,SANCHEZ,GOMEZ,2002,8,19,16,22,"$4,350"
ANA,HERNANDEZ,PEREZ,1987,9,18,11,37,"$5,263"
LUIS,LOPEZ,RAMIREZ,1989,1,25,16,35,"$4,350"
LUIS,RODRIGUEZ,SANCHEZ,1986,3,27,14,38,"$5,945"
CARLOS,MARTINEZ,GOMEZ,1998,11,14,6,26,"$2,289"
PEDRO,PEREZ,GOMEZ,2001,7,22,3,23,$847
LUIS,CRUZ,GOMEZ,1991,12,12,7,33,"$1,624"
GABRIELA,MARTINEZ,RODRIGUEZ,1988,2,12,6,36,"$1,371"
SOFIA,RODRIGUEZ,RODRIGUEZ,1994,4,20,6,30,"$2,841"
LAURA,CRUZ,GARCIA,2002,8,6,9,22,"$3,445"
GABRIELA,RAMIREZ,SANCHEZ,1989,9,27,14,35,"$5,849"
JUAN,GARCIA,RAMIREZ,2001,6,10,10,23,"$3,838"
PEDRO,GOMEZ,HERNANDEZ,1993,4,2,5,31,"$1,580"
ANA,RAMIREZ,PEREZ,2004,4,19,19,20,"$4,291"
LUIS,HERNANDEZ,GOMEZ,1999,9,13,19,25,"$8,103"
CARLOS,PEREZ,RODRIGUEZ,1995,12,2,11,29,"$3,484"
LUIS,RAMIREZ,RAMIREZ,1991,12,26,15,33,"$6,322"
GABRIELA,RAMIREZ,CRUZ,2005,5,14,7,19,"$2,073"
FERNANDO,MARTINEZ,HERNANDEZ,1991,7,15,11,33,"$5,263"
LAURA,RAMIREZ,SANCHEZ,1997,7,18,6,27,"$1,348"
ANA,LOPEZ,GARCIA,1998,6,26,1,26,$222
PEDRO,RAMIREZ,SANCHEZ,2005,4,18,14,19,"$6,628"
GABRIELA,PEREZ,RODRIGUEZ,1990,10,1,20,34,"$8,102"
PEDRO,SANCHEZ,RAMIREZ,2005,5,24,17,19,"$6,422"
JUAN,RAMIREZ,CRUZ,2000,12,24,12,24,"$2,478"
MARIA,CRUZ,GOMEZ,1995,6,18,13,29,"$5,224"
JUAN,GOMEZ,GARCIA,1998,2,7,14,26,"$4,032"
SOFIA,RAMIREZ,MARTINEZ,2005,12,2,9,19,"$3,213"
LAURA,RAMIREZ,RODRIGUEZ,1994,8,23,11,30,"$4,738"
LAURA,SANCHEZ,LOPEZ,1989,12,20,1,35,$228
SOFIA,LOPEZ,SANCHEZ,1990,11,24,6,34,"$2,558"
LAURA,CRUZ,CRUZ,1997,12,8,8,27,"$2,093"
LAURA,HERNANDEZ,MARTINEZ,1997,5,21,8,27,"$2,861"
MARIA,CRUZ,GOMEZ,1995,2,13,6,29,"$1,248"
SOFIA,PEREZ,RAMIREZ,2001,12,22,2,23,$864
LUIS,HERNANDEZ,CRUZ,1992,8,7,11,32,"$3,604"
PEDRO,HERNANDEZ,CRUZ,1991,10,22,2,33,$665
MARIA,SANCHEZ,GARCIA,1991,6,18,5,33,"$1,069"
LAURA,HERNANDEZ,SANCHEZ,2004,8,3,6,20,"$2,422"
LUIS,MARTINEZ,HERNANDEZ,1986,5,16,19,38,"$4,648"
PEDRO,SANCHEZ,SANCHEZ,1995,9,18,18,29,"$5,868"
CARLOS,GARCIA,RAMIREZ,1996,10,24,15,28,"$6,129"
PEDRO,CRUZ,HERNANDEZ,1994,1,14,19,30,"$7,398"
MARIA,RODRIGUEZ,LOPEZ,2004,10,25,12,20,"$4,877"
LUIS,RODRIGUEZ,HERNANDEZ,1993,11,4,16,31,"$7,076"
FERNANDO,CRUZ,RODRIGUEZ,1987,2,10,10,37,"$3,849"
CARLOS,MARTINEZ,RODRIGUEZ,1994,6,11,15,30,"$5,403"
ANA,LOPEZ,MARTINEZ,1989,9,9,8,35,"$2,710"
PEDRO,HERNANDEZ,CRUZ,1989,9,24,4,35,"$1,769"
FERNANDO,MARTINEZ,PEREZ,2000,6,19,2,24,$701
SOFIA,SANCHEZ,CRUZ,2003,11,6,12,21,"$3,142"
LAURA,GOMEZ,RAMIREZ,2005,4,13,2,19,$436
MARIA,SANCHEZ,SANCHEZ,1986,2,17,13,38,"$6,036"
LUIS,SANCHEZ,RAMIREZ,1985,8,26,7,39,"$1,536"
LAURA,MARTINEZ,GOMEZ,2005,5,15,7,19,"$2,509"
GABRIELA,PEREZ,PEREZ,1997,7,27,18,27,"$8,898"
FERNANDO,SANCHEZ,HERNANDEZ,1995,9,18,18,29,"$6,792"
LAURA,CRUZ,LOPEZ,1990,1,27,3,34,$708
CARLOS,PEREZ,GOMEZ,2003,5,2,19,21,"$5,901"
SOFIA,MARTINEZ,PEREZ,2002,8,9,2,22,$887
MARIA,LOPEZ,SANCHEZ,1992,5,18,7,32,"$1,928"
ANA,RODRIGUEZ,PEREZ,2005,2,24,20,19,"$9,640"
SOFIA,CRUZ,RAMIREZ,1993,8,24,10,31,"$2,674"
CARLOS,LOPEZ,LOPEZ,1997,11,2,8,27,"$2,834"
GABRIELA,CRUZ,GARCIA,2002,4,17,4,22,"$1,193"
ANA,RODRIGUEZ,PEREZ,2003,5,15,2,21,$745
PEDRO,HERNANDEZ,SANCHEZ,1994,5,10,11,30,"$5,406"
LUIS,PEREZ,GOMEZ,1994,11,4,9,30,"$3,734"
LAURA,PEREZ,SANCHEZ,2003,4,18,1,21,$242
MARIA,LOPEZ,SANCHEZ,1992,6,19,15,32,"$6,585"
MARIA,LOPEZ,PEREZ,1996,4,2,3,28,$670
ANA,GOMEZ,LOPEZ,2002,1,17,7,22,"$3,382"
ANA,CRUZ,PEREZ,1987,11,11,18,37,"$5,624"
MARIA,PEREZ,RODRIGUEZ,2001,9,17,10,23,"$3,002"
SOFIA,GOMEZ,PEREZ,1996,5,12,5,28,"$2,283"
ANA,LOPEZ,LOPEZ,1995,2,21,3,29,"$1,057"
PEDRO,CRUZ,HERNANDEZ,1990,11,6,6,34,"$2,498"
MARIA,GOMEZ,MARTINEZ,2000,10,3,3,24,"$1,425"
JUAN,CRUZ,RAMIREZ,2000,4,22,18,24,"$8,292"
MARIA,HERNANDEZ,SANCHEZ,1990,4,3,11,34,"$3,319"
SOFIA,SANCHEZ,SANCHEZ,1990,9,26,10,34,"$2,949"
FERNANDO,GARCIA,HERNANDEZ,1987,6,20,11,37,"$4,817"
GABRIELA,HERNANDEZ,HERNANDEZ,2005,4,21,18,19,"$5,894"
ANA,MARTINEZ,GARCIA,1995,10,6,8,29,"$3,279"
LUIS,HERNANDEZ,GOMEZ,1999,6,1,10,25,"$2,961"
JUAN,RODRIGUEZ,CRUZ,1995,1,18,14,29,"$4,063"
ANA,SANCHEZ,PEREZ,1992,11,5,13,32,"$5,127"
GABRIELA,HERNANDEZ,SANCHEZ,1997,9,16,8,27,"$1,839"
CARLOS,RAMIREZ,PEREZ,2005,4,28,12,19,"$3,010"
ANA,RODRIGUEZ,RODRIGUEZ,1995,2,12,1,29,$386
CARLOS,MARTINEZ,HERNANDEZ,1987,12,14,1,37,$340
PEDRO,MARTINEZ,MARTINEZ,1990,1,14,14,34,"$4,265"
JUAN,SANCHEZ,GOMEZ,2000,1,26,2,24,$654
ANA,GARCIA,MARTINEZ,1986,8,12,13,38,"$5,472"
ANA,MARTINEZ,RAMIREZ,1993,10,10,7,31,"$2,538"
SOFIA,HERNANDEZ,GARCIA,2004,7,27,2,20,$495
CARLOS,CRUZ,RAMIREZ,2004,1,7,16,20,"$6,584"
JUAN,PEREZ,LOPEZ,1989,8,13,1,35,$393
LUIS,RODRIGUEZ,GOMEZ,1987,5,10,20,37,"$5,221"
SOFIA,MARTINEZ,GOMEZ,1998,11,6,9,26,"$2,201"
JUAN,GARCIA,GARCIA,1998,5,6,10,26,"$4,770"
SOFIA,GARCIA,CRUZ,1995,4,28,8,29,"$3,195"
LUIS,MARTINEZ,MARTINEZ,1998,10,19,10,26,"$4,681"
FERNANDO,GARCIA,RODRIGUEZ,1996,8,12,7,28,"$2,536"
MARIA,PEREZ,PEREZ,1990,6,23,20,34,"$9,229"
GABRIELA,LOPEZ,SANCHEZ,1992,3,28,10,32,"$4,904"
FERNANDO,MARTINEZ,RODRIGUEZ,2003,10,4,12,21,"$4,930"
MARIA,GOMEZ,HERNANDEZ,2004,6,27,18,20,"$7,875"
LUIS,RODRIGUEZ,GOMEZ,1985,10,10,2,39,$608
CARLOS,PEREZ,MARTINEZ,1999,7,26,16,25,"$5,654"
FERNANDO,CRUZ,HERNANDEZ,2003,11,7,16,21,"$5,694"
ANA,HERNANDEZ,RAMIREZ,1991,7,20,9,33,"$1,835"
MARIA,LOPEZ,SANCHEZ,2001,8,15,10,23,"$3,742"
MARIA,PEREZ,RAMIREZ,1990,11,21,13,34,"$5,317"
JUAN,RAMIREZ,RAMIREZ,1996,3,14,8,28,"$3,617"
PEDRO,PEREZ,PEREZ,1996,3,11,12,28,"$5,049"
PEDRO,PEREZ,GARCIA,1991,3,21,16,33,"$4,106"
GABRIELA,SANCHEZ,LOPEZ,2003,5,22,18,21,"$8,742"
LUIS,HERNANDEZ,RODRIGUEZ,1985,10,25,15,39,"$7,037"
FERNANDO,HERNANDEZ,MARTINEZ,1986,12,28,3,38,$931
SOFIA,PEREZ,PEREZ,2003,12,19,1,21,$263
ANA,CRUZ,PEREZ,1998,3,16,16,26,"$5,611"
PEDRO,CRUZ,LOPEZ,2003,2,1,1,21,$399
PEDRO,RAMIREZ,MARTINEZ,1995,3,2,10,29,"$2,678"
CARLOS,SANCHEZ,CRUZ,1988,11,16,3,36,$678
LUIS,GARCIA,GARCIA,1997,1,1,7,27,"$3,116"
MARIA,RAMIREZ,HERNANDEZ,1987,2,5,20,37,"$4,307"
SOFIA,LOPEZ,RAMIREZ,1994,4,12,3,30,"$1,314"
LUIS,CRUZ,GARCIA,1985,12,18,1,39,$352
JUAN,HERNANDEZ,GARCIA,1988,6,26,10,36,"$2,331"
LAURA,CRUZ,MARTINEZ,2000,1,23,1,24,$449
JUAN,PEREZ,SANCHEZ,2004,3,18,3,20,$809
GABRIELA,RAMIREZ,MARTINEZ,1991,5,24,19,33,"$7,762"
FERNANDO,SANCHEZ,SANCHEZ,1994,9,24,4,30,"$1,632"
LUIS,PEREZ,MARTINEZ,1999,6,2,6,25,"$2,162"
ANA,GOMEZ,PEREZ,1990,7,2,14,34,"$4,552"
GABRIELA,RAMIREZ,CRUZ,1985,12,25,12,39,"$2,742"
PEDRO,GOMEZ,PEREZ,1992,7,8,14,32,"$5,297"
MARIA,GARCIA,HERNANDEZ,1990,9,25,8,34,"$3,236"
FERNANDO,MARTINEZ,CRUZ,1997,2,2,16,27,"$5,106"
JUAN,RAMIREZ,GARCIA,1990,5,25,18,34,"$6,890"
FERNANDO,RAMIREZ,MARTINEZ,1997,5,13,6,27,"$2,678"
MARIA,PEREZ,HERNANDEZ,1990,8,18,5,34,"$2,271"
MARIA,LOPEZ,RODRIGUEZ,1995,8,4,9,29,"$1,802"
GABRIELA,LOPEZ,LOPEZ,1987,4,13,12,37,"$5,010"
PEDRO,GARCIA,RODRIGUEZ,2003,3,3,15,21,"$3,262"
CARLOS,HERNANDEZ,GOMEZ,1988,9,10,15,36,"$5,444"
MARIA,MARTINEZ,PEREZ,1987,4,28,16,37,"$4,657"
CARLOS,RAMIREZ,HERNANDEZ,2005,11,25,6,19,"$2,313"
CARLOS,SANCHEZ,GOMEZ,2005,12,9,3,19,"$1,174"
GABRIELA,RODRIGUEZ,HERNANDEZ,1993,11,16,15,31,"$3,948"
GABRIELA,RODRIGUEZ,GOMEZ,1991,9,3,13,33,"$5,424"
JUAN,GARCIA,RODRIGUEZ,1986,4,23,3,38,$675
JUAN,RAMIREZ,GOMEZ,2000,4,1,13,24,"$4,514"
MARIA,RAMIREZ,RAMIREZ,1986,10,2,4,38,"$1,415"
FERNANDO,RAMIREZ,CRUZ,1988,3,19,10,36,"$2,130"
CARLOS,LOPEZ,GOMEZ,1985,11,3,3,39,$987
LUIS,RAMIREZ,GARCIA,1993,5,13,3,31,$757
GABRIELA,GARCIA,CRUZ,1996,10,28,18,28,"$8,873"
MARIA,LOPEZ,GARCIA,2002,7,20,17,22,"$8,141"
CARLOS,SANCHEZ,SANCHEZ,2000,6,8,20,24,"$7,195"
FERNANDO,HERNANDEZ,RODRIGUEZ,2000,4,4,3,24,"$1,141"
MARIA,PEREZ,CRUZ,2001,6,14,11,23,"$4,136"
CARLOS,LOPEZ,LOPEZ,1996,1,23,17,28,"$4,206"
PEDRO,MARTINEZ,HERNANDEZ,1988,7,20,15,36,"$5,441"
JUAN,RODRIGUEZ,CRUZ,1987,3,4,13,37,"$4,628"
SOFIA,GOMEZ,GOMEZ,2000,4,14,11,24,"$4,165"
LAURA,GARCIA,MARTINEZ,2002,4,22,8,22,"$2,941"
SOFIA,HERNANDEZ,RODRIGUEZ,1986,4,14,9,38,"$3,613"
SOFIA,RODRIGUEZ,RODRIGUEZ,1996,12,6,19,28,"$8,102"
CARLOS,GOMEZ,LOPEZ,2005,3,26,20,19,"$8,392"
GABRIELA,CRUZ,HERNANDEZ,1999,12,21,20,25,"$9,885"
FERNANDO,LOPEZ,MARTINEZ,1991,3,19,20,33,"$4,495"
FERNANDO,CRUZ,GARCIA,2002,5,9,13,22,"$4,695"
PEDRO,RODRIGUEZ,LOPEZ,1988,9,25,4,36,"$1,565"
LUIS,RAMIREZ,CRUZ,1995,3,13,17,29,"$3,408"
LAURA,PEREZ,MARTINEZ,1997,8,9,2,27,$640
MARIA,PEREZ,LOPEZ,1991,11,1,7,33,"$3,064"
LAURA,PEREZ,RAMIREZ,1991,5,2,19,33,"$6,238"
ANA,SANCHEZ,HERNANDEZ,1997,9,15,4,27,"$1,519"
JUAN,GARCIA,HERNANDEZ,2005,10,11,18,19,"$6,958"
LUIS,RAMIREZ,RODRIGUEZ,1996,9,28,14,28,"$5,005"
CARLOS,LOPEZ,RAMIREZ,1990,2,11,10,34,"$2,786"
CARLOS,GOMEZ,MARTINEZ,1987,6,12,19,37,"$5,524"
SOFIA,LOPEZ,PEREZ,1992,12,21,15,32,"$5,361"
MARIA,PEREZ,RODRIGUEZ,2000,8,19,9,24,"$3,376"
MARIA,PEREZ,SANCHEZ,1999,8,5,18,25,"$6,015"
PEDRO,PEREZ,LOPEZ,1988,9,1,1,36,$243
MARIA,GARCIA,SANCHEZ,1990,2,27,7,34,"$2,936"
ANA,RODRIGUEZ,RODRIGUEZ,1991,1,5,13,33,"$6,349"
LUIS,MARTINEZ,HERNANDEZ,2005,12,16,18,19,"$3,649"
LUIS,PEREZ,SANCHEZ,2000,10,7,7,24,"$3,353"
MARIA,SANCHEZ,PEREZ,2001,2,15,20,23,"$8,180"
ANA,RAMIREZ,RAMIREZ,1994,5,11,6,30,"$2,817"
SOFIA,GARCIA,RODRIGUEZ,1998,3,13,13,26,"$5,647"
PEDRO,PEREZ,GOMEZ,1999,10,23,3,25,"$1,054"
MARIA,GARCIA,GARCIA,2002,8,14,1,22,$386
LAURA,PEREZ,RAMIREZ,1995,5,5,13,29,"$6,305"
JUAN,HERNANDEZ,SANCHEZ,1986,9,24,20,38,"$4,807"
PEDRO,SANCHEZ,RAMIREZ,1997,6,27,9,27,"$2,451"
JUAN,CRUZ,CRUZ,1986,1,10,1,38,$201
FERNANDO,HERNANDEZ,GOMEZ,1985,2,27,10,39,"$3,892"
LUIS,SANCHEZ,RAMIREZ,1987,3,26,13,37,"$5,031"
FERNANDO,GARCIA,LOPEZ,2004,6,3,16,20,"$6,681"
LUIS,RAMIREZ,MARTINEZ,1998,12,27,5,26,"$1,095"
JUAN,SANCHEZ,GOMEZ,1995,6,5,14,29,"$3,981"
PEDRO,CRUZ,CRUZ,1997,3,16,16,27,"$3,757"
MARIA,LOPEZ,RODRIGUEZ,2004,5,15,8,20,"$2,125"
ANA,PEREZ,PEREZ,2005,7,19,10,19,"$4,385"
SOFIA,RAMIREZ,GOMEZ,1999,1,6,3,25,"$1,316"
LUIS,GARCIA,SANCHEZ,1988,2,6,1,36,$333
PEDRO,MARTINEZ,GOMEZ,1997,8,13,2,27,$966
ANA,RODRIGUEZ,RODRIGUEZ,1991,11,8,9,33,"$3,414"
PEDRO,GOMEZ,SANCHEZ,1994,6,2,16,30,"$7,507"
FERNANDO,LOPEZ,GARCIA,1992,10,17,17,32,"$6,013"
ANA,GOMEZ,GOMEZ,2002,5,24,14,22,"$5,213"
SOFIA,PEREZ,GARCIA,1985,8,1,5,39,"$2,033"
LUIS,CRUZ,RODRIGUEZ,1987,1,3,4,37,"$1,416"
ANA,GOMEZ,LOPEZ,1992,7,13,19,32,"$5,533"
GABRIELA,LOPEZ,RODRIGUEZ,2002,8,27,11,22,"$4,709"
LUIS,SANCHEZ,PEREZ,1999,12,4,1,25,$203
LUIS,HERNANDEZ,PEREZ,1986,7,1,6,38,"$1,736"
CARLOS,GARCIA,HERNANDEZ,2003,4,23,10,21,"$2,364"
JUAN,GOMEZ,GOMEZ,2002,10,2,19,22,"$6,203"
FERNANDO,SANCHEZ,GARCIA,1996,6,25,19,28,"$7,925"
FERNANDO,RAMIREZ,LOPEZ,1986,12,6,14,38,"$5,927"
LUIS,GARCIA,LOPEZ,1997,10,4,6,27,"$1,486"
MARIA,CRUZ,PEREZ,1985,2,15,1,39,$283
LAURA,RAMIREZ,HERNANDEZ,1992,1,6,16,32,"$3,483"
FERNANDO,GOMEZ,SANCHEZ,1989,1,25,7,35,"$2,608"
GABRIELA,GOMEZ,GARCIA,1996,12,10,12,28,"$2,430"
PEDRO,MARTINEZ,RODRIGUEZ,2000,1,5,15,24,"$7,475"
LUIS,RODRIGUEZ,RAMIREZ,1997,10,27,8,27,"$2,160"
PEDRO,GOMEZ,GARCIA,1998,12,10,19,26,"$5,405"
FERNANDO,GARCIA,GOMEZ,2000,1,10,6,24,"$1,946"
LAURA,SANCHEZ,RODRIGUEZ,1987,2,14,8,37,"$2,427"
JUAN,GOMEZ,LOPEZ,1990,9,2,13,34,"$2,962"
ANA,RODRIGUEZ,GOMEZ,2003,1,24,4,21,"$1,038"
JUAN,CRUZ,PEREZ,1992,6,3,14,32,"$3,894"
CARLOS,LOPEZ,MARTINEZ,1996,1,7,7,28,"$2,341"
FERNANDO,LOPEZ,RODRIGUEZ,1991,8,28,17,33,"$8,057"
JUAN,CRUZ,GOMEZ,1997,8,5,10,27,"$4,055"
JUAN,RAMIREZ,MARTINEZ,1989,3,24,1,35,$213
GABRIELA,SANCHEZ,RODRIGUEZ,2004,8,13,1,20,$359
JUAN,HERNANDEZ,HERNANDEZ,2003,6,5,12,21,"$4,899"
GABRIELA,RODRIGUEZ,HERNANDEZ,1985,4,2,2,39,$411
FERNANDO,LOPEZ,HERNANDEZ,1986,11,25,12,38,"$5,339"
JUAN,PEREZ,GOMEZ,1997,2,15,6,27,"$1,475"
JUAN,RODRIGUEZ,HERNANDEZ,1996,5,18,12,28,"$2,467"
CARLOS,GARCIA,RAMIREZ,1997,11,18,19,27,"$6,044"
MARIA,RODRIGUEZ,RAMIREZ,1991,4,23,15,33,"$3,207"
JUAN,RAMIREZ,GARCIA,1986,12,7,17,38,"$8,455"
GABRIELA,HERNANDEZ,PEREZ,1995,2,5,19,29,"$6,125"
MARIA,PEREZ,HERNANDEZ,1990,12,20,10,34,"$3,523"
SOFIA,RODRIGUEZ,GOMEZ,1996,4,3,14,28,"$3,923"
SOFIA,RAMIREZ,MARTINEZ,1991,12,3,17,33,"$5,132"
PEDRO,GARCIA,RAMIREZ,1989,10,17,10,35,"$2,066"
FERNANDO,HERNANDEZ,HERNANDEZ,2005,3,19,8,19,"$3,149"
JUAN,PEREZ,CRUZ,1994,12,25,10,30,"$2,782"
ANA,LOPEZ,GOMEZ,1997,12,11,11,27,"$4,692"
Agustín,Meza,Piña,1984,10,10,12,,
Héctor,Arenas,Candelaria,1983,4,3,11,,
Homero,Rocha,Maldonado,2004,12,4,15,,
Clara,Porras,Hernández,1992,3,21,5,,
Francisco Javier,Peralta,Pérez,1999,8,3,20,,
Noemí,Marrero,Vélez,1996,5,1,17,,
Marco Antonio,Granados,Duarte,2002,8,10,3,,
María Elena,Llamas,Cervantes,1983,3,25,9,,
Ramón,Echeverría,Ceballos,1988,6,17,4,,
Guillermina,Lebrón,Caraballo,1990,9,11,4,,
Bruno,Acuña,Estrada,1982,2,21,9,,
Reynaldo,Matías,Tamayo,1981,6,11,1,,
Gabriela,Zavala,Ruelas,1994,6,17,5,,
Carla,de la Rosa,Hinojosa,2003,3,17,20,,
Eloisa,Gómez,Zamora,1990,8,5,5,,
Dolores,Archuleta,Ávila,1979,12,15,13,,
Elsa,Cadena,Arroyo,1996,10,5,7,,
Aurora,Malave,Estrada,1997,1,28,19,,
Jonás,Polanco,Crespo,1988,2,6,11,,
Nadia,Vaca,Verdugo,1985,7,25,7,,
María Elena,Olivo,Ferrer,1981,9,27,14,,
Olga,Ponce,Varela,2004,2,29,17,,
Miguel,Cornejo,Palomo,2000,8,29,17,,
Noelia,Sauceda,Bermúdez,1985,10,11,4,,
René,de la O,Mata,2001,1,21,18,,
Cynthia,Patiño,Muro,2001,9,17,4,,
Sergio,Pichardo,Perales,1989,10,16,16,,
Emiliano,Palacios,Pantoja,1999,10,28,4,,
Lorena,Sanches,Garrido,2004,7,18,17,,
María Luisa,Briones,Alarcón,2003,3,22,15,,
Rosalia,Rolón,Soto,1981,2,17,16,,
Irma,Miramontes,Meléndez,1996,5,16,6,,
Tania,Velasco,Leyva,2005,11,5,15,,
René,Tamayo,Becerra,1981,12,29,18,,
Ángel,Lucero,Enríquez,1989,3,18,11,,
Federico,Brito,Cadena,1999,5,9,5,,
Elias,Aponte,Madrigal,1994,10,10,14,,
Francisco,Bravo,Segovia,2000,8,11,9,,
Alonso,Almaraz,Ceballos,2002,8,4,13,,
Eugenia,Bravo,Pizarro,1984,5,16,3,,
Rosalia,Montoya,Bermúdez,1986,12,16,19,,
Estela,Rojas,Valverde,1983,1,3,17,,
Octavio,Garica,Sauceda,1995,8,31,11,,
Cristina,Reyna,Zavala,1992,8,29,8,,
Felix,Chávez,Carreón,1990,4,24,15,,
Mercedes,Santana,Bahena,1993,8,15,8,,
Esteban,Preciado,Rendón,1999,11,28,12,,
